"1010101","abcdefghijklmn"
"1231412","4KdfXPr7r"
"11111111","jonathanthorne"
"11111121","jonathanthorne"
"11121213","JT!horne13"
"11121311","testpass"
"11121313","thisisatest"
"11123121","thisispass"
"12121212","ilovethisclass"
"12345678","password"
"12373847","4KdfXPr7r"
"12881653","hunter2"
"13415334","thisispassword"
"14124233","fkdlfjldjflkds"
"14404756","oejfoeofejfejf"
"23214343","342fsfs"
"26271174","dfjldsjfsaldjf"
"29385746","djflkdsfalsjfd"
"34242444","fdkfljdsaflkjs"
"37000041","passw0rd"
"41423431","p2ssword"
"42435411","b00bs"
"44384396","ilovemylife"
"44856800","iforgotsome"
"54579554","imreallytired"
"57893820","ineedfood"
"58416759","willihavetime?"
"58483958","therewego"
"58892150","probablynot"
"62895674","ithinkimissed2"
"74672421","swords"
"82583895","ilikepotatos"
"84283249","bunnies"
"86561964","ilikecereal"
"87859948","techkid6"
"91782253","chillhumanoid"
"92859684","njitisbest"
"98989898","yes"
